SCHEMA_NAME,FILE_NAME,TABLE_NAME,LAST_LOAD_TIME,STATUS,ROW_COUNT,ROW_PARSED,FIRST_ERROR_MESSAGE,FIRST_ERROR_LINE_NUMBER,FIRST_ERROR_CHARACTER_POSITION,FIRST_ERROR_COL_NAME,ERROR_COUNT,ERROR_LIMIT
DBO,userszzdc36bfae-94fd-477e-8c36-caade8c6efe4/ACCOUNTS/INSERT/20230622_091051_651_37JSVB_75/stream_20230622_091051_6510.gz,ACCOUNTS_20230622_091051_651_75,2023-06-22 07:11:07.512 -0700,PARTIALLY_LOADED,999,1000,User character length limit (5) exceeded by string 'Design Firm',384,550,""ACCOUNTS_20230622_091051_651_75""[""CUSTOMERSUBTYPEOLD"":58],1,1000
DBO,userszzdc36bfae-94fd-477e-8c36-caade8c6efe4/ACCOUNTS/INSERT/20230622_090432_094_LWGUCO_51/stream_20230622_090432_0940.gz,ACCOUNTS_20230622_090432_094_51,2023-06-22 07:04:47.983 -0700,PARTIALLY_LOADED,999,1000,User character length limit (10) exceeded by string 'Country Club',1155,556,""ACCOUNTS_20230622_090432_094_51""[""SECONDARYSEGMENT"":71],1,1000
DBO,userszzdc36bfae-94fd-477e-8c36-caade8c6efe4/ACCOUNTS/INSERT/20230622_090417_677_GKQAMS_50/stream_20230622_090417_6770.gz,ACCOUNTS_20230622_090417_677_50,2023-06-22 07:04:30.058 -0700,PARTIALLY_LOADED,999,1000,User character length limit (5) exceeded by string 'Closed Quote',112,427,""ACCOUNTS_20230622_090417_677_50""[""STATUSINBUSINESS"":50],1,1000
DBO,userszzdc36bfae-94fd-477e-8c36-caade8c6efe4/ACCOUNTS/INSERT/20230622_090349_982_UXUO99_48/stream_20230622_090349_9820.gz,ACCOUNTS_20230622_090349_982_48,2023-06-22 07:04:01.393 -0700,PARTIALLY_LOADED,999,1000,User character length limit (10) exceeded by string 'Multi Family',530,558,""ACCOUNTS_20230622_090349_982_48""[""SECONDARYSEGMENT"":71],1,1000
DBO,userszzdc36bfae-94fd-477e-8c36-caade8c6efe4/ACCOUNTS/INSERT/20230622_090236_044_XRB1LO_43/stream_20230622_090236_0440.gz,ACCOUNTS_20230622_090236_044_43,2023-06-22 07:02:47.821 -0700,PARTIALLY_LOADED,999,1000,User character length limit (10) exceeded by string 'Multi Family',623,412,""ACCOUNTS_20230622_090236_044_43""[""SECONDARYSEGMENT"":71],1,1000
DBO,userszzdc36bfae-94fd-477e-8c36-caade8c6efe4/ACCOUNTS/INSERT/20230622_090221_232_N3KQUJ_42/stream_20230622_090221_2320.gz,ACCOUNTS_20230622_090221_232_42,2023-06-22 07:02:34.051 -0700,PARTIALLY_LOADED,998,1000,User character length limit (10) exceeded by string 'Hospitality',965,523,""ACCOUNTS_20230622_090221_232_42""[""SECONDARYSEGMENT"":71],2,1000
DBO,userszzdc36bfae-94fd-477e-8c36-caade8c6efe4/ACCOUNTS/INSERT/20230622_090032_134_R1BLSV_34/stream_20230622_090032_1340.gz,ACCOUNTS_20230622_090032_134_34,2023-06-22 07:00:44.544 -0700,PARTIALLY_LOADED,999,1000,User character length limit (10) exceeded by string 'Multi Family',148,502,""ACCOUNTS_20230622_090032_134_34""[""SECONDARYSEGMENT"":71],1,1000
DBO,userszzdc36bfae-94fd-477e-8c36-caade8c6efe4/ACCOUNTS/INSERT/20230622_090018_728_UPAHAL_33/stream_20230622_090018_7280.gz,ACCOUNTS_20230622_090018_728_33,2023-06-22 07:00:30.210 -0700,PARTIALLY_LOADED,998,1000,"User character length limit (50) exceeded by string 'location 1 address line 1
location 1 address line 1'",704,620,""ACCOUNTS_20230622_090018_728_33""[""DEALER_ADDRESS1"":101],2,1000
DBO,userszzdc36bfae-94fd-477e-8c36-caade8c6efe4/ACCOUNTS/INSERT/20230622_085949_508_Z7VU7G_31/stream_20230622_085949_5080.gz,ACCOUNTS_20230622_085949_508_31,2023-06-22 07:00:00.672 -0700,PARTIALLY_LOADED,999,1000,"User character length limit (5) exceeded by string 'E-commerce, Design, B2C'",123,1033,""ACCOUNTS_20230622_085949_508_31""[""INDUSTRYTAGS"":160],1,1000
DBO,userszzdc36bfae-94fd-477e-8c36-caade8c6efe4/ACCOUNTS/INSERT/20230622_085805_606_W9DPZT_23/stream_20230622_085805_6060.gz,ACCOUNTS_20230622_085805_606_23,2023-06-22 06:58:17.535 -0700,PARTIALLY_LOADED,999,1000,User character length limit (5) exceeded by string 'Boutique',513,521,""ACCOUNTS_20230622_085805_606_23""[""CUSTOMERSUBTYPEOLD"":58],1,1000
DBO,userszzdc36bfae-94fd-477e-8c36-caade8c6efe4/ACCOUNTS/INSERT/20230622_085727_496_TJHHL5_20/stream_20230622_085727_4960.gz,ACCOUNTS_20230622_085727_496_20,2023-06-22 06:57:38.089 -0700,PARTIALLY_LOADED,999,1000,User character length limit (10) exceeded by string 'DERING HALL',969,546,""ACCOUNTS_20230622_085727_496_20""[""LEADSOURCE"":62],1,1000
DBO,userszzdc36bfae-94fd-477e-8c36-caade8c6efe4/ACCOUNTS/INSERT/20230622_085714_291_UL99D9_19/stream_20230622_085714_2910.gz,ACCOUNTS_20230622_085714_291_19,2023-06-22 06:57:25.641 -0700,PARTIALLY_LOADED,998,1000,User character length limit (5) exceeded by string 'Orders',258,470,""ACCOUNTS_20230622_085714_291_19""[""STATUSINBUSINESS"":50],2,1000
DBO,userszzdc36bfae-94fd-477e-8c36-caade8c6efe4/ACCOUNTS/INSERT/20230622_085635_947_YJ3AXQ_16/stream_20230622_085635_9470.gz,ACCOUNTS_20230622_085635_947_16,2023-06-22 06:56:46.408 -0700,PARTIALLY_LOADED,998,1000,User character length limit (5) exceeded by string 'Independent Designer',942,499,""ACCOUNTS_20230622_085635_947_16""[""CUSTOMERSUBTYPEOLD"":58],2,1000
DBO,userszzdc36bfae-94fd-477e-8c36-caade8c6efe4/ACCOUNTS/INSERT/20230622_085624_393_ZM9EYQ_15/stream_20230622_085624_3930.gz,ACCOUNTS_20230622_085624_393_15,2023-06-22 06:56:33.970 -0700,PARTIALLY_LOADED,998,1000,User character length limit (10) exceeded by string 'Multi Family',167,536,""ACCOUNTS_20230622_085624_393_15""[""SECONDARYSEGMENT"":71],2,1000
DBO,userszzdc36bfae-94fd-477e-8c36-caade8c6efe4/ACCOUNTS/INSERT/20230622_085611_493_543YVQ_14/stream_20230622_085611_4930.gz,ACCOUNTS_20230622_085611_493_14,2023-06-22 06:56:22.485 -0700,PARTIALLY_LOADED,998,1000,User character length limit (5) exceeded by string 'Design Firm',853,493,""ACCOUNTS_20230622_085611_493_14""[""CUSTOMERSUBTYPEOLD"":58],2,1000
DBO,userszzdc36bfae-94fd-477e-8c36-caade8c6efe4/ACCOUNTS/INSERT/20230622_085559_188_E48L12_13/stream_20230622_085559_1880.gz,ACCOUNTS_20230622_085559_188_13,2023-06-22 06:56:09.644 -0700,PARTIALLY_LOADED,999,1000,User character length limit (5) exceeded by string 'Design Firm',314,521,""ACCOUNTS_20230622_085559_188_13""[""CUSTOMERSUBTYPEOLD"":58],1,1000
DBO,userszzdc36bfae-94fd-477e-8c36-caade8c6efe4/ACCOUNTS/INSERT/20230622_085547_996_ZIY80X_12/stream_20230622_085547_9960.gz,ACCOUNTS_20230622_085547_996_12,2023-06-22 06:55:57.381 -0700,PARTIALLY_LOADED,999,1000,User character length limit (5) exceeded by string 'Main Residence',414,522,""ACCOUNTS_20230622_085547_996_12""[""HOMETYPE"":74],1,1000
DBO,userszzdc36bfae-94fd-477e-8c36-caade8c6efe4/ACCOUNTS/INSERT/20230622_085535_244_F1MSI1_11/stream_20230622_085535_2440.gz,ACCOUNTS_20230622_085535_244_11,2023-06-22 06:55:46.257 -0700,PARTIALLY_LOADED,999,1000,User character length limit (10) exceeded by string 'Country Club',232,527,""ACCOUNTS_20230622_085535_244_11""[""SECONDARYSEGMENT"":71],1,1000
DBO,userszzdc36bfae-94fd-477e-8c36-caade8c6efe4/ACCOUNTS/INSERT/20230622_085523_402_D5YFYW_10/stream_20230622_085523_4020.gz,ACCOUNTS_20230622_085523_402_10,2023-06-22 06:55:33.574 -0700,PARTIALLY_LOADED,999,1000,User character length limit (10) exceeded by string 'Multi Family',719,494,""ACCOUNTS_20230622_085523_402_10""[""SECONDARYSEGMENT"":71],1,1000
DBO,userszzdc36bfae-94fd-477e-8c36-caade8c6efe4/ACCOUNTS/INSERT/20230622_085500_540_TMYORF_8/stream_20230622_085500_5400.gz,ACCOUNTS_20230622_085500_540_8,2023-06-22 06:55:09.697 -0700,PARTIALLY_LOADED,998,1000,User character length limit (5) exceeded by string 'Design Firm',525,397,""ACCOUNTS_20230622_085500_540_8""[""CUSTOMERSUBTYPEOLD"":58],2,1000
DBO,userszzdc36bfae-94fd-477e-8c36-caade8c6efe4/ACCOUNTS/INSERT/20230622_085436_755_55MBVP_6/stream_20230622_085436_7550.gz,ACCOUNTS_20230622_085436_755_6,2023-06-22 06:54:46.159 -0700,PARTIALLY_LOADED,998,1000,User character length limit (5) exceeded by string 'Design Firm',171,434,""ACCOUNTS_20230622_085436_755_6""[""CUSTOMERSUBTYPEOLD"":58],2,1000
DBO,userszzdc36bfae-94fd-477e-8c36-caade8c6efe4/ACCOUNTS/INSERT/20230622_085424_619_7UNPZB_5/stream_20230622_085424_6190.gz,ACCOUNTS_20230622_085424_619_5,2023-06-22 06:54:34.964 -0700,PARTIALLY_LOADED,999,1000,User character length limit (5) exceeded by string 'RETAIL',634,325,""ACCOUNTS_20230622_085424_619_5""[""PRICELEVEL"":42],1,1000
DBO,userszzdc36bfae-94fd-477e-8c36-caade8c6efe4/ACCOUNTS/INSERT/20230622_085412_229_B0NXVG_4/stream_20230622_085412_2290.gz,ACCOUNTS_20230622_085412_229_4,2023-06-22 06:54:22.765 -0700,PARTIALLY_LOADED,996,1000,User character length limit (5) exceeded by string 'Design Firm',518,472,""ACCOUNTS_20230622_085412_229_4""[""CUSTOMERSUBTYPEOLD"":58],4,1000
DBO,userszzdc36bfae-94fd-477e-8c36-caade8c6efe4/ACCOUNTS/INSERT/20230622_085342_770_P82U3H_2/stream_20230622_085342_7700.gz,ACCOUNTS_20230622_085342_770_2,2023-06-22 06:53:55.247 -0700,PARTIALLY_LOADED,997,1000,User character length limit (5) exceeded by string 'Design Firm',412,380,""ACCOUNTS_20230622_085342_770_2""[""CUSTOMERSUBTYPEOLD"":58],3,1000
DBO,userszzdc36bfae-94fd-477e-8c36-caade8c6efe4/ACCOUNTS/INSERT/20230622_085327_246_LOQD6P_1/stream_20230622_085327_2460.gz,ACCOUNTS_20230622_085327_246_1,2023-06-22 06:53:40.329 -0700,PARTIALLY_LOADED,996,1000,User character length limit (5) exceeded by string '2 to 5',869,656,""ACCOUNTS_20230622_085327_246_1""[""DESIGNERSONSTAFF"":73],4,1000
DBO,userszzdc36bfae-94fd-477e-8c36-caade8c6efe4/ACCOUNTS/INSERT/20230622_084705_063_7E6B1Z_85/stream_20230622_084705_0630.gz,ACCOUNTS_20230622_084705_063_85,2023-06-22 06:47:20.014 -0700,PARTIALLY_LOADED,999,1000,User character length limit (10) exceeded by string 'Hospitality',374,453,""ACCOUNTS_20230622_084705_063_85""[""SECONDARYSEGMENT"":71],1,1000
DBO,userszzdc36bfae-94fd-477e-8c36-caade8c6efe4/ACCOUNTS/INSERT/20230622_084435_253_JES47Q_75/stream_20230622_084435_2530.gz,ACCOUNTS_20230622_084435_253_75,2023-06-22 06:44:47.923 -0700,PARTIALLY_LOADED,999,1000,User character length limit (5) exceeded by string 'Design Firm',384,550,""ACCOUNTS_20230622_084435_253_75""[""CUSTOMERSUBTYPEOLD"":58],1,1000
DBO,userszzdc36bfae-94fd-477e-8c36-caade8c6efe4/ACCOUNTS/INSERT/20230622_083831_627_FQ8I91_51/stream_20230622_083831_6270.gz,ACCOUNTS_20230622_083831_627_51,2023-06-22 06:38:44.215 -0700,PARTIALLY_LOADED,999,1000,User character length limit (10) exceeded by string 'Country Club',1155,556,""ACCOUNTS_20230622_083831_627_51""[""SECONDARYSEGMENT"":71],1,1000
DBO,userszzdc36bfae-94fd-477e-8c36-caade8c6efe4/ACCOUNTS/INSERT/20230622_083817_930_41SUWF_50/stream_20230622_083817_9300.gz,ACCOUNTS_20230622_083817_930_50,2023-06-22 06:38:29.897 -0700,PARTIALLY_LOADED,999,1000,User character length limit (5) exceeded by string 'Closed Quote',112,427,""ACCOUNTS_20230622_083817_930_50""[""STATUSINBUSINESS"":50],1,1000
DBO,userszzdc36bfae-94fd-477e-8c36-caade8c6efe4/ACCOUNTS/INSERT/20230622_083751_293_Y75OHW_48/stream_20230622_083751_2930.gz,ACCOUNTS_20230622_083751_293_48,2023-06-22 06:38:02.365 -0700,PARTIALLY_LOADED,999,1000,User character length limit (10) exceeded by string 'Multi Family',530,558,""ACCOUNTS_20230622_083751_293_48""[""SECONDARYSEGMENT"":71],1,1000
DBO,userszzdc36bfae-94fd-477e-8c36-caade8c6efe4/ACCOUNTS/INSERT/20230622_083643_410_3A8KCO_43/stream_20230622_083643_4100.gz,ACCOUNTS_20230622_083643_410_43,2023-06-22 06:36:57.266 -0700,PARTIALLY_LOADED,999,1000,User character length limit (10) exceeded by string 'Multi Family',623,412,""ACCOUNTS_20230622_083643_410_43""[""SECONDARYSEGMENT"":71],1,1000
DBO,userszzdc36bfae-94fd-477e-8c36-caade8c6efe4/ACCOUNTS/INSERT/20230622_083629_594_89756W_42/stream_20230622_083629_5940.gz,ACCOUNTS_20230622_083629_594_42,2023-06-22 06:36:41.573 -0700,PARTIALLY_LOADED,998,1000,User character length limit (10) exceeded by string 'Hospitality',965,523,""ACCOUNTS_20230622_083629_594_42""[""SECONDARYSEGMENT"":71],2,1000
DBO,userszzdc36bfae-94fd-477e-8c36-caade8c6efe4/ACCOUNTS/INSERT/20230622_083442_692_GOTVX1_34/stream_20230622_083442_6920.gz,ACCOUNTS_20230622_083442_692_34,2023-06-22 06:34:53.217 -0700,PARTIALLY_LOADED,999,1000,User character length limit (10) exceeded by string 'Multi Family',148,502,""ACCOUNTS_20230622_083442_692_34""[""SECONDARYSEGMENT"":71],1,1000
DBO,userszzdc36bfae-94fd-477e-8c36-caade8c6efe4/ACCOUNTS/INSERT/20230622_083430_948_L6OE7P_33/stream_20230622_083430_9480.gz,ACCOUNTS_20230622_083430_948_33,2023-06-22 06:34:40.736 -0700,PARTIALLY_LOADED,998,1000,"User character length limit (50) exceeded by string 'location 1 address line 1
location 1 address line 1'",704,620,""ACCOUNTS_20230622_083430_948_33""[""DEALER_ADDRESS1"":101],2,1000
DBO,userszzdc36bfae-94fd-477e-8c36-caade8c6efe4/ACCOUNTS/INSERT/20230622_083403_446_ZXTKBJ_31/stream_20230622_083403_4460.gz,ACCOUNTS_20230622_083403_446_31,2023-06-22 06:34:15.401 -0700,PARTIALLY_LOADED,999,1000,"User character length limit (5) exceeded by string 'E-commerce, Design, B2C'",123,1033,""ACCOUNTS_20230622_083403_446_31""[""INDUSTRYTAGS"":160],1,1000
DBO,userszzdc36bfae-94fd-477e-8c36-caade8c6efe4/ACCOUNTS/INSERT/20230622_083351_723_XCTUT4_30/stream_20230622_083351_7230.gz,ACCOUNTS_20230622_083351_723_30,2023-06-22 06:34:01.645 -0700,PARTIALLY_LOADED,999,1000,User character length limit (10) exceeded by string 'Lack of Projects',21,785,""ACCOUNTS_20230622_083351_723_30""[""ACCOUNTSTATUS"":119],1,1000
DBO,userszzdc36bfae-94fd-477e-8c36-caade8c6efe4/ACCOUNTS/INSERT/20230622_083338_719_W9LHA8_29/stream_20230622_083338_7190.gz,ACCOUNTS_20230622_083338_719_29,2023-06-22 06:33:49.862 -0700,PARTIALLY_LOADED,999,1000,User character length limit (10) exceeded by string 'Wholesale Dealer',630,590,""ACCOUNTS_20230622_083338_719_29""[""OLDCHANNELFIELD"":67],1,1000
DBO,userszzdc36bfae-94fd-477e-8c36-caade8c6efe4/ACCOUNTS/INSERT/20230622_083216_757_KI2MXP_23/stream_20230622_083216_7570.gz,ACCOUNTS_20230622_083216_757_23,2023-06-22 06:32:27.076 -0700,PARTIALLY_LOADED,999,1000,User character length limit (5) exceeded by string 'Dealer',513,514,""ACCOUNTS_20230622_083216_757_23""[""CUSTOMERTYPEOLD"":57],1,1000
DBO,userszzdc36bfae-94fd-477e-8c36-caade8c6efe4/ACCOUNTS/INSERT/20230622_083204_002_T3CC7B_22/stream_20230622_083204_0020.gz,ACCOUNTS_20230622_083204_002_22,2023-06-22 06:32:14.707 -0700,PARTIALLY_LOADED,887,1000,User character length limit (5) exceeded by string 'Boutique',45,603,""ACCOUNTS_20230622_083204_002_22""[""SECONDARYBUSINESS"":77],113,1000
DBO,userszzdc36bfae-94fd-477e-8c36-caade8c6efe4/ACCOUNTS/INSERT/20230622_083150_385_XJO49Z_21/stream_20230622_083150_3850.gz,ACCOUNTS_20230622_083150_385_21,2023-06-22 06:32:01.778 -0700,PARTIALLY_LOADED,952,1000,User character length limit (5) exceeded by string 'Interior Designer',161,646,""ACCOUNTS_20230622_083150_385_21""[""SECONDARYBUSINESS"":77],48,1000
DBO,userszzdc36bfae-94fd-477e-8c36-caade8c6efe4/ACCOUNTS/INSERT/20230622_083133_130_ZVSLV7_20/stream_20230622_083133_1300.gz,ACCOUNTS_20230622_083133_130_20,2023-06-22 06:31:48.206 -0700,PARTIALLY_LOADED,932,1000,User character length limit (5) exceeded by string 'Interior Designer',21,612,""ACCOUNTS_20230622_083133_130_20""[""SECONDARYBUSINESS"":77],68,1000
DBO,userszzdc36bfae-94fd-477e-8c36-caade8c6efe4/ACCOUNTS/INSERT/20230622_083116_435_FJR3IU_19/stream_20230622_083116_4350.gz,ACCOUNTS_20230622_083116_435_19,2023-06-22 06:31:31.382 -0700,PARTIALLY_LOADED,919,1000,User character length limit (5) exceeded by string 'Interior Designer',8,628,""ACCOUNTS_20230622_083116_435_19""[""SECONDARYBUSINESS"":77],81,1000
DBO,userszzdc36bfae-94fd-477e-8c36-caade8c6efe4/ACCOUNTS/INSERT/20230622_083026_065_MBGGWD_18/stream_20230622_083026_0650.gz,ACCOUNTS_20230622_083026_065_18,2023-06-22 06:31:14.437 -0700,PARTIALLY_LOADED,981,1000,User character length limit (5) exceeded by string 'Independent Decorator',96,709,""ACCOUNTS_20230622_083026_065_18""[""SECONDARYBUSINESS"":77],19,1000
DBO,userszzdc36bfae-94fd-477e-8c36-caade8c6efe4/ACCOUNTS/INSERT/20230622_083013_744_QLHMKU_17/stream_20230622_083013_7440.gz,ACCOUNTS_20230622_083013_744_17,2023-06-22 06:30:24.054 -0700,PARTIALLY_LOADED,991,1000,User character length limit (5) exceeded by string 'Patio Store',788,620,""ACCOUNTS_20230622_083013_744_17""[""SECONDARYBUSINESS"":77],9,1000
DBO,userszzdc36bfae-94fd-477e-8c36-caade8c6efe4/ACCOUNTS/INSERT/20230622_082958_628_GDTTQ1_16/stream_20230622_082958_6280.gz,ACCOUNTS_20230622_082958_628_16,2023-06-22 06:30:11.739 -0700,PARTIALLY_LOADED,982,1000,User character length limit (5) exceeded by string 'Interior Designer',176,631,""ACCOUNTS_20230622_082958_628_16""[""SECONDARYBUSINESS"":77],18,1000
DBO,userszzdc36bfae-94fd-477e-8c36-caade8c6efe4/ACCOUNTS/INSERT/20230622_082946_207_C85XR0_15/stream_20230622_082946_2070.gz,ACCOUNTS_20230622_082946_207_15,2023-06-22 06:29:56.771 -0700,PARTIALLY_LOADED,979,1000,User character length limit (5) exceeded by string 'Interior Designer',26,597,""ACCOUNTS_20230622_082946_207_15""[""SECONDARYBUSINESS"":77],21,1000
DBO,userszzdc36bfae-94fd-477e-8c36-caade8c6efe4/ACCOUNTS/INSERT/20230622_082934_142_FSQNS8_14/stream_20230622_082934_1420.gz,ACCOUNTS_20230622_082934_142_14,2023-06-22 06:29:44.284 -0700,PARTIALLY_LOADED,956,1000,User character length limit (5) exceeded by string 'Interior Designer',10,672,""ACCOUNTS_20230622_082934_142_14""[""SECONDARYBUSINESS"":77],44,1000
DBO,userszzdc36bfae-94fd-477e-8c36-caade8c6efe4/ACCOUNTS/INSERT/20230622_082921_665_TYACSR_13/stream_20230622_082921_6650.gz,ACCOUNTS_20230622_082921_665_13,2023-06-22 06:29:32.414 -0700,PARTIALLY_LOADED,976,1000,User character length limit (5) exceeded by string 'Design Services',59,673,""ACCOUNTS_20230622_082921_665_13""[""SECONDARYBUSINESS"":77],24,1000
DBO,userszzdc36bfae-94fd-477e-8c36-caade8c6efe4/ACCOUNTS/INSERT/20230622_082905_051_59TG7Z_12/stream_20230622_082905_0510.gz,ACCOUNTS_20230622_082905_051_12,2023-06-22 06:29:19.892 -0700,PARTIALLY_LOADED,984,1000,User character length limit (5) exceeded by string 'Design Services',379,652,""ACCOUNTS_20230622_082905_051_12""[""SECONDARYBUSINESS"":77],16,1000
DBO,userszzdc36bfae-94fd-477e-8c36-caade8c6efe4/ACCOUNTS/INSERT/20230622_082847_903_CCGUHV_11/stream_20230622_082847_9030.gz,ACCOUNTS_20230622_082847_903_11,2023-06-22 06:29:02.880 -0700,PARTIALLY_LOADED,953,1000,User character length limit (5) exceeded by string 'Design Services',158,590,""ACCOUNTS_20230622_082847_903_11""[""SECONDARYBUSINESS"":77],47,1000
DBO,userszzdc36bfae-94fd-477e-8c36-caade8c6efe4/ACCOUNTS/INSERT/20230622_082836_370_TL0ZL1_10/stream_20230622_082836_3700.gz,ACCOUNTS_20230622_082836_370_10,2023-06-22 06:28:46.321 -0700,PARTIALLY_LOADED,949,1000,User character length limit (5) exceeded by string 'Interior Designer',17,654,""ACCOUNTS_20230622_082836_370_10""[""SECONDARYBUSINESS"":77],51,1000
DBO,userszzdc36bfae-94fd-477e-8c36-caade8c6efe4/ACCOUNTS/INSERT/20230622_082824_267_E780MJ_9/stream_20230622_082824_2670.gz,ACCOUNTS_20230622_082824_267_9,2023-06-22 06:28:33.968 -0700,PARTIALLY_LOADED,894,1000,User character length limit (5) exceeded by string 'Design Services',441,640,""ACCOUNTS_20230622_082824_267_9""[""SECONDARYBUSINESS"":77],106,1000
DBO,userszzdc36bfae-94fd-477e-8c36-caade8c6efe4/ACCOUNTS/INSERT/20230622_082811_643_6OAFET_8/stream_20230622_082811_6430.gz,ACCOUNTS_20230622_082811_643_8,2023-06-22 06:28:22.338 -0700,PARTIALLY_LOADED,990,1000,User character length limit (5) exceeded by string 'Interior Designer',451,626,""ACCOUNTS_20230622_082811_643_8""[""SECONDARYBUSINESS"":77],10,1000
DBO,userszzdc36bfae-94fd-477e-8c36-caade8c6efe4/ACCOUNTS/INSERT/20230622_082758_353_JTUJGR_7/stream_20230622_082758_3530.gz,ACCOUNTS_20230622_082758_353_7,2023-06-22 06:28:09.744 -0700,PARTIALLY_LOADED,992,1000,User character length limit (5) exceeded by string 'Design Services',85,628,""ACCOUNTS_20230622_082758_353_7""[""SECONDARYBUSINESS"":77],8,1000
DBO,userszzdc36bfae-94fd-477e-8c36-caade8c6efe4/ACCOUNTS/INSERT/20230622_082746_771_SRDIAW_6/stream_20230622_082746_7710.gz,ACCOUNTS_20230622_082746_771_6,2023-06-22 06:27:56.154 -0700,PARTIALLY_LOADED,944,1000,User character length limit (5) exceeded by string 'Design Services',10,651,""ACCOUNTS_20230622_082746_771_6""[""SECONDARYBUSINESS"":77],56,1000
DBO,userszzdc36bfae-94fd-477e-8c36-caade8c6efe4/ACCOUNTS/INSERT/20230622_082730_718_XKLB1W_5/stream_20230622_082730_7180.gz,ACCOUNTS_20230622_082730_718_5,2023-06-22 06:27:44.863 -0700,PARTIALLY_LOADED,938,1000,User character length limit (5) exceeded by string 'Design Services',1,584,""ACCOUNTS_20230622_082730_718_5""[""SECONDARYBUSINESS"":77],62,1000
DBO,userszzdc36bfae-94fd-477e-8c36-caade8c6efe4/ACCOUNTS/INSERT/20230622_082719_733_OLA3RR_4/stream_20230622_082719_7330.gz,ACCOUNTS_20230622_082719_733_4,2023-06-22 06:27:28.689 -0700,PARTIALLY_LOADED,923,1000,User character length limit (5) exceeded by string 'Design Services',10,641,""ACCOUNTS_20230622_082719_733_4""[""SECONDARYBUSINESS"":77],77,1000
DBO,userszzdc36bfae-94fd-477e-8c36-caade8c6efe4/ACCOUNTS/INSERT/20230622_082656_182_QKURO0_3/stream_20230622_082656_1820.gz,ACCOUNTS_20230622_082656_182_3,2023-06-22 06:27:13.340 -0700,PARTIALLY_LOADED,907,1000,User character length limit (5) exceeded by string 'Design Services',7,648,""ACCOUNTS_20230622_082656_182_3""[""SECONDARYBUSINESS"":77],93,1000
DBO,userszzdc36bfae-94fd-477e-8c36-caade8c6efe4/ACCOUNTS/INSERT/20230622_082640_235_NQWSSS_2/stream_20230622_082640_2350.gz,ACCOUNTS_20230622_082640_235_2,2023-06-22 06:26:54.023 -0700,PARTIALLY_LOADED,891,1000,User character length limit (5) exceeded by string 'Designer',235,457,""ACCOUNTS_20230622_082640_235_2""[""CUSTOMERTYPEOLD"":57],109,1000
DBO,userszzdc36bfae-94fd-477e-8c36-caade8c6efe4/ACCOUNTS/INSERT/20230622_082622_786_9BGDKK_1/stream_20230622_082622_7860.gz,ACCOUNTS_20230622_082622_786_1,2023-06-22 06:26:37.407 -0700,PARTIALLY_LOADED,898,1000,User character length limit (5) exceeded by string 'Design Services',5,647,""ACCOUNTS_20230622_082622_786_1""[""SECONDARYBUSINESS"":77],102,1000
DBO,userszzdc36bfae-94fd-477e-8c36-caade8c6efe4/ACCOUNTS/INSERT/20230622_042509_959_8ETC9S_103/stream_20230622_042509_9590.gz,ACCOUNTS_20230622_042509_959_103,2023-06-22 02:25:20.547 -0700,PARTIALLY_LOADED,423,477,User character length limit (5) exceeded by string 'BuyerSpecifier',581,560,""ACCOUNTS_20230622_042509_959_103""[""ACCOUNTTYPE"":79],54,477
DBO,userszzdc36bfae-94fd-477e-8c36-caade8c6efe4/ACCOUNTS/INSERT/20230622_042438_678_7N2TEQ_101/stream_20230622_042438_6780.gz,ACCOUNTS_20230622_042438_678_101,2023-06-22 02:24:51.952 -0700,PARTIALLY_LOADED,999,1000,User character length limit (5) exceeded by string 'BuyerEnd User',764,508,""ACCOUNTS_20230622_042438_678_101""[""ACCOUNTTYPE"":79],1,1000
DBO,userszzdc36bfae-94fd-477e-8c36-caade8c6efe4/ACCOUNTS/INSERT/20230622_042422_614_XYKBLM_100/stream_20230622_042422_6140.gz,ACCOUNTS_20230622_042422_614_100,2023-06-22 02:24:36.552 -0700,PARTIALLY_LOADED,997,1000,User character length limit (15) exceeded by string '**8% IN THE CITY',604,291,""ACCOUNTS_20230622_042422_614_100""[""TAXEXEMPTID"":44],3,1000
DBO,userszzdc36bfae-94fd-477e-8c36-caade8c6efe4/ACCOUNTS/INSERT/20230622_042406_500_N1BLJT_99/stream_20230622_042406_5000.gz,ACCOUNTS_20230622_042406_500_99,2023-06-22 02:24:20.680 -0700,PARTIALLY_LOADED,997,1000,User character length limit (5) exceeded by string 'BuyerSpecifier',539,603,""ACCOUNTS_20230622_042406_500_99""[""ACCOUNTTYPE"":79],3,1000
DBO,userszzdc36bfae-94fd-477e-8c36-caade8c6efe4/ACCOUNTS/INSERT/20230622_042347_005_VGTX91_98/stream_20230622_042347_0050.gz,ACCOUNTS_20230622_042347_005_98,2023-06-22 02:24:02.200 -0700,PARTIALLY_LOADED,996,1000,User character length limit (15) exceeded by string '**8% INSIDE CITY LIMITS',272,291,""ACCOUNTS_20230622_042347_005_98""[""TAXEXEMPTID"":44],4,1000
DBO,userszzdc36bfae-94fd-477e-8c36-caade8c6efe4/ACCOUNTS/INSERT/20230622_042330_283_S5WYE6_97/stream_20230622_042330_2830.gz,ACCOUNTS_20230622_042330_283_97,2023-06-22 02:23:44.963 -0700,PARTIALLY_LOADED,997,1000,User character length limit (5) exceeded by string 'PurchasingFirmSpecifier',192,486,""ACCOUNTS_20230622_042330_283_97""[""ACCOUNTTYPE"":79],3,1000
DBO,userszzdc36bfae-94fd-477e-8c36-caade8c6efe4/ACCOUNTS/INSERT/20230622_042314_663_2ER09L_96/stream_20230622_042314_6630.gz,ACCOUNTS_20230622_042314_663_96,2023-06-22 02:23:28.168 -0700,PARTIALLY_LOADED,998,1000,User character length limit (5) exceeded by string 'BuyerEnd User',988,490,""ACCOUNTS_20230622_042314_663_96""[""ACCOUNTTYPE"":79],2,1000
DBO,userszzdc36bfae-94fd-477e-8c36-caade8c6efe4/ACCOUNTS/INSERT/20230622_042259_184_WMY3FM_95/stream_20230622_042259_1840.gz,ACCOUNTS_20230622_042259_184_95,2023-06-22 02:23:12.502 -0700,PARTIALLY_LOADED,998,1000,User character length limit (15) exceeded by string 'SHIPPING OUT OF STATE',829,295,""ACCOUNTS_20230622_042259_184_95""[""TAXEXEMPTID"":44],2,1000
DBO,userszzdc36bfae-94fd-477e-8c36-caade8c6efe4/ACCOUNTS/INSERT/20230622_042242_399_OJECYZ_94/stream_20230622_042242_3990.gz,ACCOUNTS_20230622_042242_399_94,2023-06-22 02:22:57.304 -0700,PARTIALLY_LOADED,979,1000,User character length limit (5) exceeded by string 'Purchasing Firm',14,564,""ACCOUNTS_20230622_042242_399_94""[""ACCOUNTTYPE"":79],21,1000
DBO,userszzdc36bfae-94fd-477e-8c36-caade8c6efe4/ACCOUNTS/INSERT/20230622_042226_582_AR55XM_93/stream_20230622_042226_5820.gz,ACCOUNTS_20230622_042226_582_93,2023-06-22 02:22:40.609 -0700,PARTIALLY_LOADED,987,1000,User character length limit (15) exceeded by string 'MULTIJURISDICTION-SEE FILE',119,312,""ACCOUNTS_20230622_042226_582_93""[""TAXEXEMPTID"":44],13,1000
DBO,userszzdc36bfae-94fd-477e-8c36-caade8c6efe4/ACCOUNTS/INSERT/20230622_042211_616_P7CKF8_92/stream_20230622_042211_6160.gz,ACCOUNTS_20230622_042211_616_92,2023-06-22 02:22:24.785 -0700,PARTIALLY_LOADED,961,1000,User character length limit (5) exceeded by string 'BuyerEnd User',8,489,""ACCOUNTS_20230622_042211_616_92""[""ACCOUNTTYPE"":79],39,1000
DBO,userszzdc36bfae-94fd-477e-8c36-caade8c6efe4/ACCOUNTS/INSERT/20230622_042155_238_JAMYMA_91/stream_20230622_042155_2380.gz,ACCOUNTS_20230622_042155_238_91,2023-06-22 02:22:09.393 -0700,PARTIALLY_LOADED,880,1000,User character length limit (5) exceeded by string 'BuyerEnd User',9,478,""ACCOUNTS_20230622_042155_238_91""[""ACCOUNTTYPE"":79],120,1000
DBO,userszzdc36bfae-94fd-477e-8c36-caade8c6efe4/ACCOUNTS/INSERT/20230622_042139_409_FWB3HR_90/stream_20230622_042139_4090.gz,ACCOUNTS_20230622_042139_409_90,2023-06-22 02:21:53.038 -0700,PARTIALLY_LOADED,910,1000,User character length limit (5) exceeded by string 'BuyerPurchasingFirmSpecifier',3,496,""ACCOUNTS_20230622_042139_409_90""[""ACCOUNTTYPE"":79],90,1000
DBO,userszzdc36bfae-94fd-477e-8c36-caade8c6efe4/ACCOUNTS/INSERT/20230622_042122_817_HK18SU_89/stream_20230622_042122_8170.gz,ACCOUNTS_20230622_042122_817_89,2023-06-22 02:21:37.254 -0700,PARTIALLY_LOADED,913,1000,User character length limit (5) exceeded by string 'BuyerEnd User',12,476,""ACCOUNTS_20230622_042122_817_89""[""ACCOUNTTYPE"":79],87,1000
DBO,userszzdc36bfae-94fd-477e-8c36-caade8c6efe4/ACCOUNTS/INSERT/20230622_042103_462_5VSBDK_88/stream_20230622_042103_4620.gz,ACCOUNTS_20230622_042103_462_88,2023-06-22 02:21:16.711 -0700,PARTIALLY_LOADED,963,1000,User character length limit (5) exceeded by string 'SpecifierDesigner',528,489,""ACCOUNTS_20230622_042103_462_88""[""ACCOUNTTYPE"":79],37,1000
DBO,userszzdc36bfae-94fd-477e-8c36-caade8c6efe4/ACCOUNTS/INSERT/20230622_042046_592_C33V14_87/stream_20230622_042046_5920.gz,ACCOUNTS_20230622_042046_592_87,2023-06-22 02:21:01.182 -0700,PARTIALLY_LOADED,996,1000,User character length limit (15) exceeded by string '86-1123065/CHARITABLE',328,296,""ACCOUNTS_20230622_042046_592_87""[""TAXEXEMPTID"":44],4,1000
DBO,userszzdc36bfae-94fd-477e-8c36-caade8c6efe4/ACCOUNTS/INSERT/20230622_042028_991_9XD1UH_86/stream_20230622_042028_9910.gz,ACCOUNTS_20230622_042028_991_86,2023-06-22 02:20:44.587 -0700,PARTIALLY_LOADED,942,1000,User character length limit (5) exceeded by string 'BuyerEnd User',2,500,""ACCOUNTS_20230622_042028_991_86""[""ACCOUNTTYPE"":79],58,1000
DBO,userszzdc36bfae-94fd-477e-8c36-caade8c6efe4/ACCOUNTS/INSERT/20230622_042012_212_G40394_85/stream_20230622_042012_2120.gz,ACCOUNTS_20230622_042012_212_85,2023-06-22 02:20:26.906 -0700,PARTIALLY_LOADED,845,1000,User character length limit (5) exceeded by string 'BuyerSpecifier',344,588,""ACCOUNTS_20230622_042012_212_85""[""ACCOUNTTYPE"":79],155,1000
DBO,userszzdc36bfae-94fd-477e-8c36-caade8c6efe4/ACCOUNTS/INSERT/20230622_041955_309_OA2XQW_84/stream_20230622_041955_3090.gz,ACCOUNTS_20230622_041955_309_84,2023-06-22 02:20:09.094 -0700,PARTIALLY_LOADED,893,1000,User character length limit (5) exceeded by string 'BuyerEnd User',382,453,""ACCOUNTS_20230622_041955_309_84""[""ACCOUNTTYPE"":79],107,1000
DBO,userszzdc36bfae-94fd-477e-8c36-caade8c6efe4/ACCOUNTS/INSERT/20230622_041924_894_LV8UAC_83/stream_20230622_041924_8940.gz,ACCOUNTS_20230622_041924_894_83,2023-06-22 02:19:37.343 -0700,PARTIALLY_LOADED,997,1000,User character length limit (5) exceeded by string 'BuyerEnd User',216,498,""ACCOUNTS_20230622_041924_894_83""[""ACCOUNTTYPE"":79],3,1000
DBO,userszzdc36bfae-94fd-477e-8c36-caade8c6efe4/ACCOUNTS/INSERT/20230622_041910_261_M2TFZG_82/stream_20230622_041910_2610.gz,ACCOUNTS_20230622_041910_261_82,2023-06-22 02:19:22.915 -0700,PARTIALLY_LOADED,998,1000,User character length limit (5) exceeded by string 'BuyerEnd User',153,618,""ACCOUNTS_20230622_041910_261_82""[""ACCOUNTTYPE"":79],2,1000
DBO,userszzdc36bfae-94fd-477e-8c36-caade8c6efe4/ACCOUNTS/INSERT/20230622_041855_704_IB3IQH_81/stream_20230622_041855_7040.gz,ACCOUNTS_20230622_041855_704_81,2023-06-22 02:19:08.404 -0700,PARTIALLY_LOADED,994,1000,User character length limit (15) exceeded by string '38-271414390F-001',64,322,""ACCOUNTS_20230622_041855_704_81""[""TAXEXEMPTID"":44],6,1000
DBO,userszzdc36bfae-94fd-477e-8c36-caade8c6efe4/ACCOUNTS/INSERT/20230622_041841_303_LWVRO5_80/stream_20230622_041841_3030.gz,ACCOUNTS_20230622_041841_303_80,2023-06-22 02:18:53.880 -0700,PARTIALLY_LOADED,996,1000,User character length limit (5) exceeded by string 'BuyerPurchasingFirmSpecifier',95,617,""ACCOUNTS_20230622_041841_303_80""[""ACCOUNTTYPE"":79],4,1000
DBO,userszzdc36bfae-94fd-477e-8c36-caade8c6efe4/ACCOUNTS/INSERT/20230622_041826_584_0X1LLA_79/stream_20230622_041826_5840.gz,ACCOUNTS_20230622_041826_584_79,2023-06-22 02:18:39.363 -0700,PARTIALLY_LOADED,998,1000,User character length limit (5) exceeded by string 'BuyerEnd User',1412,613,""ACCOUNTS_20230622_041826_584_79""[""ACCOUNTTYPE"":79],2,1000
DBO,userszzdc36bfae-94fd-477e-8c36-caade8c6efe4/ACCOUNTS/INSERT/20230622_041811_209_0UICDZ_78/stream_20230622_041811_2090.gz,ACCOUNTS_20230622_041811_209_78,2023-06-22 02:18:24.495 -0700,PARTIALLY_LOADED,994,1000,User character length limit (15) exceeded by string '10-821530415F-001',313,389,""ACCOUNTS_20230622_041811_209_78""[""TAXEXEMPTID"":44],6,1000
DBO,userszzdc36bfae-94fd-477e-8c36-caade8c6efe4/ACCOUNTS/INSERT/20230622_041756_991_2FDX7T_77/stream_20230622_041756_9910.gz,ACCOUNTS_20230622_041756_991_77,2023-06-22 02:18:09.089 -0700,PARTIALLY_LOADED,996,1000,User character length limit (15) exceeded by string '10-204328234F-001',208,292,""ACCOUNTS_20230622_041756_991_77""[""TAXEXEMPTID"":44],4,1000
DBO,userszzdc36bfae-94fd-477e-8c36-caade8c6efe4/ACCOUNTS/INSERT/20230622_041740_954_2MP55J_76/stream_20230622_041740_9540.gz,ACCOUNTS_20230622_041740_954_76,2023-06-22 02:17:54.595 -0700,PARTIALLY_LOADED,908,1000,User character length limit (5) exceeded by string 'BuyerEnd User',106,499,""ACCOUNTS_20230622_041740_954_76""[""ACCOUNTTYPE"":79],92,1000
DBO,userszzdc36bfae-94fd-477e-8c36-caade8c6efe4/ACCOUNTS/INSERT/20230622_041726_042_TFW4QW_75/stream_20230622_041726_0420.gz,ACCOUNTS_20230622_041726_042_75,2023-06-22 02:17:38.879 -0700,PARTIALLY_LOADED,992,1000,User character length limit (5) exceeded by string 'Syspro',258,573,""ACCOUNTS_20230622_041726_042_75""[""ACCOUNTTYPE"":79],8,1000
DBO,userszzdc36bfae-94fd-477e-8c36-caade8c6efe4/ACCOUNTS/INSERT/20230622_041711_144_S6MKBC_74/stream_20230622_041711_1440.gz,ACCOUNTS_20230622_041711_144_74,2023-06-22 02:17:23.919 -0700,PARTIALLY_LOADED,991,1000,User character length limit (15) exceeded by string 'SHIPS OUT OF COUNTRY',31,409,""ACCOUNTS_20230622_041711_144_74""[""TAXEXEMPTID"":44],9,1000
DBO,userszzdc36bfae-94fd-477e-8c36-caade8c6efe4/ACCOUNTS/INSERT/20230622_041656_272_O40NZ4_73/stream_20230622_041656_2720.gz,ACCOUNTS_20230622_041656_272_73,2023-06-22 02:17:09.127 -0700,PARTIALLY_LOADED,990,1000,User character length limit (15) exceeded by string '10202266164F-001',96,304,""ACCOUNTS_20230622_041656_272_73""[""TAXEXEMPTID"":44],10,1000
DBO,userszzdc36bfae-94fd-477e-8c36-caade8c6efe4/ACCOUNTS/INSERT/20230622_041640_504_9MQ01G_72/stream_20230622_041640_5040.gz,ACCOUNTS_20230622_041640_504_72,2023-06-22 02:16:54.367 -0700,PARTIALLY_LOADED,995,1000,User character length limit (15) exceeded by string '**8% TAX IN CITY',462,305,""ACCOUNTS_20230622_041640_504_72""[""TAXEXEMPTID"":44],5,1000
DBO,userszzdc36bfae-94fd-477e-8c36-caade8c6efe4/ACCOUNTS/INSERT/20230622_041625_070_MG2AL2_71/stream_20230622_041625_0700.gz,ACCOUNTS_20230622_041625_070_71,2023-06-22 02:16:38.610 -0700,PARTIALLY_LOADED,996,1000,User character length limit (15) exceeded by string '10-800663789F-001',189,300,""ACCOUNTS_20230622_041625_070_71""[""TAXEXEMPTID"":44],4,1000
DBO,userszzdc36bfae-94fd-477e-8c36-caade8c6efe4/ACCOUNTS/INSERT/20230622_041608_695_3CYB2A_70/stream_20230622_041608_6950.gz,ACCOUNTS_20230622_041608_695_70,2023-06-22 02:16:23.149 -0700,PARTIALLY_LOADED,997,1000,User character length limit (5) exceeded by string 'Syspro',5,582,""ACCOUNTS_20230622_041608_695_70""[""ACCOUNTTYPE"":79],3,1000
DBO,userszzdc36bfae-94fd-477e-8c36-caade8c6efe4/ACCOUNTS/INSERT/20230622_041551_932_C5QZA9_69/stream_20230622_041551_9320.gz,ACCOUNTS_20230622_041551_932_69,2023-06-22 02:16:06.029 -0700,PARTIALLY_LOADED,998,1000,User character length limit (5) exceeded by string 'Syspro',1218,558,""ACCOUNTS_20230622_041551_932_69""[""ACCOUNTTYPE"":79],2,1000
DBO,userszzdc36bfae-94fd-477e-8c36-caade8c6efe4/ACCOUNTS/INSERT/20230622_041537_112_R9KQWQ_68/stream_20230622_041537_1120.gz,ACCOUNTS_20230622_041537_112_68,2023-06-22 02:15:50.053 -0700,PARTIALLY_LOADED,996,1000,User character length limit (15) exceeded by string 'FL-26-8012856183-6',856,333,""ACCOUNTS_20230622_041537_112_68""[""TAXEXEMPTID"":44],4,1000
DBO,userszzdc36bfae-94fd-477e-8c36-caade8c6efe4/ACCOUNTS/INSERT/20230622_041522_869_E4LY31_67/stream_20230622_041522_8690.gz,ACCOUNTS_20230622_041522_869_67,2023-06-22 02:15:35.241 -0700,PARTIALLY_LOADED,996,1000,User character length limit (5) exceeded by string 'Syspro',64,564,""ACCOUNTS_20230622_041522_869_67""[""ACCOUNTTYPE"":79],4,1000
DBO,userszzdc36bfae-94fd-477e-8c36-caade8c6efe4/ACCOUNTS/INSERT/20230622_041507_134_5EH56G_66/stream_20230622_041507_1340.gz,ACCOUNTS_20230622_041507_134_66,2023-06-22 02:15:21.041 -0700,PARTIALLY_LOADED,999,1000,User character length limit (15) exceeded by string '1-425927635-001-8',1443,291,""ACCOUNTS_20230622_041507_134_66""[""TAXEXEMPTID"":44],1,1000
DBO,userszzdc36bfae-94fd-477e-8c36-caade8c6efe4/ACCOUNTS/INSERT/20230622_041436_106_UWSAXG_64/stream_20230622_041436_1060.gz,ACCOUNTS_20230622_041436_106_64,2023-06-22 02:14:49.945 -0700,PARTIALLY_LOADED,997,1000,User character length limit (5) exceeded by string 'Syspro',1267,558,""ACCOUNTS_20230622_041436_106_64""[""ACCOUNTTYPE"":79],3,1000
DBO,userszzdc36bfae-94fd-477e-8c36-caade8c6efe4/ACCOUNTS/INSERT/20230622_041421_512_DY9G6J_63/stream_20230622_041421_5120.gz,ACCOUNTS_20230622_041421_512_63,2023-06-22 02:14:34.090 -0700,PARTIALLY_LOADED,996,1000,User character length limit (5) exceeded by string 'Syspro',597,568,""ACCOUNTS_20230622_041421_512_63""[""ACCOUNTTYPE"":79],4,1000
DBO,userszzdc36bfae-94fd-477e-8c36-caade8c6efe4/ACCOUNTS/INSERT/20230622_041407_296_X2BAVE_62/stream_20230622_041407_2960.gz,ACCOUNTS_20230622_041407_296_62,2023-06-22 02:14:19.386 -0700,PARTIALLY_LOADED,997,1000,User character length limit (5) exceeded by string 'SpecifierDesigner',278,490,""ACCOUNTS_20230622_041407_296_62""[""ACCOUNTTYPE"":79],3,1000
DBO,userszzdc36bfae-94fd-477e-8c36-caade8c6efe4/ACCOUNTS/INSERT/20230622_041353_467_0RPF7C_61/stream_20230622_041353_4670.gz,ACCOUNTS_20230622_041353_467_61,2023-06-22 02:14:05.304 -0700,PARTIALLY_LOADED,999,1000,User character length limit (5) exceeded by string 'BuyerSpecifier',383,473,""ACCOUNTS_20230622_041353_467_61""[""ACCOUNTTYPE"":79],1,1000
DBO,userszzdc36bfae-94fd-477e-8c36-caade8c6efe4/ACCOUNTS/INSERT/20230622_041337_845_4ZVFQN_60/stream_20230622_041337_8450.gz,ACCOUNTS_20230622_041337_845_60,2023-06-22 02:13:51.515 -0700,PARTIALLY_LOADED,998,1000,User character length limit (5) exceeded by string 'Syspro',1015,536,""ACCOUNTS_20230622_041337_845_60""[""ACCOUNTTYPE"":79],2,1000
DBO,userszzdc36bfae-94fd-477e-8c36-caade8c6efe4/ACCOUNTS/INSERT/20230622_041323_416_INPOU9_59/stream_20230622_041323_4160.gz,ACCOUNTS_20230622_041323_416_59,2023-06-22 02:13:35.891 -0700,PARTIALLY_LOADED,995,1000,User character length limit (5) exceeded by string 'BuyerEnd User',356,608,""ACCOUNTS_20230622_041323_416_59""[""ACCOUNTTYPE"":79],5,1000
DBO,userszzdc36bfae-94fd-477e-8c36-caade8c6efe4/ACCOUNTS/INSERT/20230622_041308_581_TPYVGE_58/stream_20230622_041308_5810.gz,ACCOUNTS_20230622_041308_581_58,2023-06-22 02:13:21.468 -0700,PARTIALLY_LOADED,992,1000,User character length limit (15) exceeded by string 'MULTI - SEE FILE',9,330,""ACCOUNTS_20230622_041308_581_58""[""TAXEXEMPTID"":44],8,1000
DBO,userszzdc36bfae-94fd-477e-8c36-caade8c6efe4/ACCOUNTS/INSERT/20230622_041253_852_MJ3OLR_57/stream_20230622_041253_8520.gz,ACCOUNTS_20230622_041253_852_57,2023-06-22 02:13:06.655 -0700,PARTIALLY_LOADED,955,1000,User character length limit (5) exceeded by string 'BuyerSpecifier',26,504,""ACCOUNTS_20230622_041253_852_57""[""ACCOUNTTYPE"":79],45,1000
DBO,userszzdc36bfae-94fd-477e-8c36-caade8c6efe4/ACCOUNTS/INSERT/20230622_041238_713_G764H0_56/stream_20230622_041238_7130.gz,ACCOUNTS_20230622_041238_713_56,2023-06-22 02:12:51.092 -0700,PARTIALLY_LOADED,993,1000,User character length limit (15) exceeded by string '10743109013F-001',1372,313,""ACCOUNTS_20230622_041238_713_56""[""TAXEXEMPTID"":44],7,1000
DBO,userszzdc36bfae-94fd-477e-8c36-caade8c6efe4/ACCOUNTS/INSERT/20230622_041225_763_6P1R3B_55/stream_20230622_041225_7630.gz,ACCOUNTS_20230622_041225_763_55,2023-06-22 02:12:36.932 -0700,PARTIALLY_LOADED,996,1000,User character length limit (15) exceeded by string '**8% TAX IN CITY',924,305,""ACCOUNTS_20230622_041225_763_55""[""TAXEXEMPTID"":44],4,1000
DBO,userszzdc36bfae-94fd-477e-8c36-caade8c6efe4/ACCOUNTS/INSERT/20230622_041211_553_Q1RUNS_54/stream_20230622_041211_5530.gz,ACCOUNTS_20230622_041211_553_54,2023-06-22 02:12:23.959 -0700,PARTIALLY_LOADED,998,1000,User character length limit (15) exceeded by string 'SHIP TO NEBRASKA',665,297,""ACCOUNTS_20230622_041211_553_54""[""TAXEXEMPTID"":44],2,1000
DBO,userszzdc36bfae-94fd-477e-8c36-caade8c6efe4/ACCOUNTS/INSERT/20230622_041157_663_GGP41Y_53/stream_20230622_041157_6630.gz,ACCOUNTS_20230622_041157_663_53,2023-06-22 02:12:09.837 -0700,PARTIALLY_LOADED,995,1000,"User character length limit (5) exceeded by string 'Theyre thinking about...
Summer Cl is purchsing...
regwert
ewrt
wretwer
Follow up Fall 20
'",4,429,""ACCOUNTS_20230622_041157_663_53""[""REPPLAN"":47],5,1000
DBO,userszzdc36bfae-94fd-477e-8c36-caade8c6efe4/ACCOUNTS/INSERT/20230622_041144_508_37S43K_52/stream_20230622_041144_5080.gz,ACCOUNTS_20230622_041144_508_52,2023-06-22 02:11:55.810 -0700,PARTIALLY_LOADED,904,1000,User character length limit (5) exceeded by string 'PurchasingFirmSpecifier',102,582,""ACCOUNTS_20230622_041144_508_52""[""ACCOUNTTYPE"":79],96,1000
DBO,userszzdc36bfae-94fd-477e-8c36-caade8c6efe4/ACCOUNTS/INSERT/20230622_041128_844_6YY0L1_51/stream_20230622_041128_8440.gz,ACCOUNTS_20230622_041128_844_51,2023-06-22 02:11:42.258 -0700,PARTIALLY_LOADED,995,1000,User character length limit (15) exceeded by string 'SHIP TO LOUISIANA',322,292,""ACCOUNTS_20230622_041128_844_51""[""TAXEXEMPTID"":44],5,1000
DBO,userszzdc36bfae-94fd-477e-8c36-caade8c6efe4/ACCOUNTS/INSERT/20230622_041114_495_DHFM0O_50/stream_20230622_041114_4950.gz,ACCOUNTS_20230622_041114_495_50,2023-06-22 02:11:26.739 -0700,PARTIALLY_LOADED,882,1000,User character length limit (5) exceeded by string 'BuyerEnd User',9,562,""ACCOUNTS_20230622_041114_495_50""[""ACCOUNTTYPE"":79],118,1000
DBO,userszzdc36bfae-94fd-477e-8c36-caade8c6efe4/ACCOUNTS/INSERT/20230622_041058_297_VX24RS_49/stream_20230622_041058_2970.gz,ACCOUNTS_20230622_041058_297_49,2023-06-22 02:11:12.626 -0700,PARTIALLY_LOADED,940,1000,User character length limit (5) exceeded by string 'BuyerEnd User',77,517,""ACCOUNTS_20230622_041058_297_49""[""ACCOUNTTYPE"":79],60,1000
DBO,userszzdc36bfae-94fd-477e-8c36-caade8c6efe4/ACCOUNTS/INSERT/20230622_041044_461_KSPXTI_48/stream_20230622_041044_4610.gz,ACCOUNTS_20230622_041044_461_48,2023-06-22 02:10:56.263 -0700,PARTIALLY_LOADED,961,1000,User character length limit (5) exceeded by string 'BuyerEnd User',96,491,""ACCOUNTS_20230622_041044_461_48""[""ACCOUNTTYPE"":79],39,1000
DBO,userszzdc36bfae-94fd-477e-8c36-caade8c6efe4/ACCOUNTS/INSERT/20230622_041030_229_9PBOKH_47/stream_20230622_041030_2290.gz,ACCOUNTS_20230622_041030_229_47,2023-06-22 02:10:42.553 -0700,PARTIALLY_LOADED,979,1000,User character length limit (5) exceeded by string 'SpecifierDesigner',6,577,""ACCOUNTS_20230622_041030_229_47""[""ACCOUNTTYPE"":79],21,1000
DBO,userszzdc36bfae-94fd-477e-8c36-caade8c6efe4/ACCOUNTS/INSERT/20230622_041016_228_RIY2R8_46/stream_20230622_041016_2280.gz,ACCOUNTS_20230622_041016_228_46,2023-06-22 02:10:28.269 -0700,PARTIALLY_LOADED,983,1000,User character length limit (5) exceeded by string 'BuyerPurchasingFirmSpecifier',305,566,""ACCOUNTS_20230622_041016_228_46""[""ACCOUNTTYPE"":79],17,1000
DBO,userszzdc36bfae-94fd-477e-8c36-caade8c6efe4/ACCOUNTS/INSERT/20230622_041003_623_FX00ET_45/stream_20230622_041003_6230.gz,ACCOUNTS_20230622_041003_623_45,2023-06-22 02:10:14.318 -0700,PARTIALLY_LOADED,984,1000,User character length limit (5) exceeded by string 'BuyerSpecifier',58,569,""ACCOUNTS_20230622_041003_623_45""[""ACCOUNTTYPE"":79],16,1000
DBO,userszzdc36bfae-94fd-477e-8c36-caade8c6efe4/ACCOUNTS/INSERT/20230622_040949_125_JMWJXC_44/stream_20230622_040949_1250.gz,ACCOUNTS_20230622_040949_125_44,2023-06-22 02:10:01.685 -0700,PARTIALLY_LOADED,948,1000,User character length limit (5) exceeded by string 'BuyerEnd User',8,475,""ACCOUNTS_20230622_040949_125_44""[""ACCOUNTTYPE"":79],52,1000
DBO,userszzdc36bfae-94fd-477e-8c36-caade8c6efe4/ACCOUNTS/INSERT/20230622_040936_604_8B4I8D_43/stream_20230622_040936_6040.gz,ACCOUNTS_20230622_040936_604_43,2023-06-22 02:09:47.135 -0700,PARTIALLY_LOADED,883,1000,User character length limit (5) exceeded by string 'BuyerPurchasingFirmSpecifier',1,516,""ACCOUNTS_20230622_040936_604_43""[""ACCOUNTTYPE"":79],117,1000
DBO,userszzdc36bfae-94fd-477e-8c36-caade8c6efe4/ACCOUNTS/INSERT/20230622_040924_044_BA4EUE_42/stream_20230622_040924_0440.gz,ACCOUNTS_20230622_040924_044_42,2023-06-22 02:09:34.739 -0700,PARTIALLY_LOADED,797,1000,User character length limit (5) exceeded by string 'BuyerEnd User',657,496,""ACCOUNTS_20230622_040924_044_42""[""ACCOUNTTYPE"":79],203,1000
DBO,userszzdc36bfae-94fd-477e-8c36-caade8c6efe4/ACCOUNTS/INSERT/20230622_040910_536_ZKF1F4_41/stream_20230622_040910_5360.gz,ACCOUNTS_20230622_040910_536_41,2023-06-22 02:09:22.114 -0700,PARTIALLY_LOADED,893,1000,User character length limit (5) exceeded by string 'Syspro',4,558,""ACCOUNTS_20230622_040910_536_41""[""ACCOUNTTYPE"":79],107,1000
DBO,userszzdc36bfae-94fd-477e-8c36-caade8c6efe4/ACCOUNTS/INSERT/20230622_040856_288_E85HWC_40/stream_20230622_040856_2880.gz,ACCOUNTS_20230622_040856_288_40,2023-06-22 02:09:08.836 -0700,PARTIALLY_LOADED,935,1000,User character length limit (5) exceeded by string 'Syspro',446,554,""ACCOUNTS_20230622_040856_288_40""[""ACCOUNTTYPE"":79],65,1000
DBO,userszzdc36bfae-94fd-477e-8c36-caade8c6efe4/ACCOUNTS/INSERT/20230622_040843_925_L0GXU2_39/stream_20230622_040843_9250.gz,ACCOUNTS_20230622_040843_925_39,2023-06-22 02:08:54.139 -0700,PARTIALLY_LOADED,998,1000,User character length limit (15) exceeded by string '78-801-867-0824-5',119,315,""ACCOUNTS_20230622_040843_925_39""[""TAXEXEMPTID"":44],2,1000
DBO,userszzdc36bfae-94fd-477e-8c36-caade8c6efe4/ACCOUNTS/INSERT/20230622_040829_826_E31NC9_38/stream_20230622_040829_8260.gz,ACCOUNTS_20230622_040829_826_38,2023-06-22 02:08:41.883 -0700,PARTIALLY_LOADED,999,1000,User character length limit (5) exceeded by string 'Syspro',154,496,""ACCOUNTS_20230622_040829_826_38""[""ACCOUNTTYPE"":79],1,1000
DBO,userszzdc36bfae-94fd-477e-8c36-caade8c6efe4/ACCOUNTS/INSERT/20230622_040816_982_ABDQA3_37/stream_20230622_040816_9820.gz,ACCOUNTS_20230622_040816_982_37,2023-06-22 02:08:27.758 -0700,PARTIALLY_LOADED,996,1000,User character length limit (5) exceeded by string 'Syspro',26,496,""ACCOUNTS_20230622_040816_982_37""[""ACCOUNTTYPE"":79],4,1000
DBO,userszzdc36bfae-94fd-477e-8c36-caade8c6efe4/ACCOUNTS/INSERT/20230622_040803_267_LDHZDK_36/stream_20230622_040803_2670.gz,ACCOUNTS_20230622_040803_267_36,2023-06-22 02:08:14.033 -0700,PARTIALLY_LOADED,999,1000,User character length limit (10) exceeded by string 'Design Firm',1090,484,""ACCOUNTS_20230622_040803_267_36""[""PRIMARYSEGMENT"":70],1,1000
DBO,userszzdc36bfae-94fd-477e-8c36-caade8c6efe4/ACCOUNTS/INSERT/20230622_040750_187_D8SHK8_35/stream_20230622_040750_1870.gz,ACCOUNTS_20230622_040750_187_35,2023-06-22 02:08:01.190 -0700,PARTIALLY_LOADED,999,1000,User character length limit (5) exceeded by string 'Syspro',189,576,""ACCOUNTS_20230622_040750_187_35""[""ACCOUNTTYPE"":79],1,1000
DBO,userszzdc36bfae-94fd-477e-8c36-caade8c6efe4/ACCOUNTS/INSERT/20230622_040737_643_NAWXQC_34/stream_20230622_040737_6430.gz,ACCOUNTS_20230622_040737_643_34,2023-06-22 02:07:48.147 -0700,PARTIALLY_LOADED,989,1000,User character length limit (5) exceeded by string 'Syspro',26,548,""ACCOUNTS_20230622_040737_643_34""[""ACCOUNTTYPE"":79],11,1000
DBO,userszzdc36bfae-94fd-477e-8c36-caade8c6efe4/ACCOUNTS/INSERT/20230622_040724_324_7P8FUP_33/stream_20230622_040724_3240.gz,ACCOUNTS_20230622_040724_324_33,2023-06-22 02:07:34.669 -0700,PARTIALLY_LOADED,927,1000,User character length limit (15) exceeded by string '456-1028314933-02',127,315,""ACCOUNTS_20230622_040724_324_33""[""TAXEXEMPTID"":44],73,1000
DBO,userszzdc36bfae-94fd-477e-8c36-caade8c6efe4/ACCOUNTS/INSERT/20230622_040711_278_HGIYVK_32/stream_20230622_040711_2780.gz,ACCOUNTS_20230622_040711_278_32,2023-06-22 02:07:21.369 -0700,PARTIALLY_LOADED,995,1000,User character length limit (5) exceeded by string 'BuyerSpecifier',334,592,""ACCOUNTS_20230622_040711_278_32""[""ACCOUNTTYPE"":79],5,1000
DBO,userszzdc36bfae-94fd-477e-8c36-caade8c6efe4/ACCOUNTS/INSERT/20230622_040656_803_N8YZNP_31/stream_20230622_040656_8030.gz,ACCOUNTS_20230622_040656_803_31,2023-06-22 02:07:09.120 -0700,PARTIALLY_LOADED,577,1000,User character length limit (10) exceeded by string 'Interior Designer',2,636,""ACCOUNTS_20230622_040656_803_31""[""PRIMARYSEGMENT"":70],423,1000
DBO,userszzdc36bfae-94fd-477e-8c36-caade8c6efe4/ACCOUNTS/INSERT/20230622_040643_788_GUW2HM_30/stream_20230622_040643_7880.gz,ACCOUNTS_20230622_040643_788_30,2023-06-22 02:06:54.827 -0700,PARTIALLY_LOADED,490,1000,User character length limit (10) exceeded by string 'Patio Store',11,566,""ACCOUNTS_20230622_040643_788_30""[""PRIMARYSEGMENT"":70],510,1000
DBO,userszzdc36bfae-94fd-477e-8c36-caade8c6efe4/ACCOUNTS/INSERT/20230622_040630_729_21QPT2_29/stream_20230622_040630_7290.gz,ACCOUNTS_20230622_040630_729_29,2023-06-22 02:06:41.997 -0700,PARTIALLY_LOADED,785,1000,User character length limit (10) exceeded by string 'Independent Decorator',16,542,""ACCOUNTS_20230622_040630_729_29""[""PRIMARYSEGMENT"":70],215,1000
DBO,userszzdc36bfae-94fd-477e-8c36-caade8c6efe4/ACCOUNTS/INSERT/20230622_040619_131_442QM8_28/stream_20230622_040619_1310.gz,ACCOUNTS_20230622_040619_131_28,2023-06-22 02:06:28.871 -0700,PARTIALLY_LOADED,734,1000,User character length limit (10) exceeded by string 'Interior Designer',11,596,""ACCOUNTS_20230622_040619_131_28""[""PRIMARYSEGMENT"":70],266,1000
DBO,userszzdc36bfae-94fd-477e-8c36-caade8c6efe4/ACCOUNTS/INSERT/20230622_040606_903_TD9ZRL_27/stream_20230622_040606_9030.gz,ACCOUNTS_20230622_040606_903_27,2023-06-22 02:06:17.404 -0700,PARTIALLY_LOADED,843,1000,User character length limit (10) exceeded by string 'Furniture Store',10,543,""ACCOUNTS_20230622_040606_903_27""[""PRIMARYSEGMENT"":70],157,1000
DBO,userszzdc36bfae-94fd-477e-8c36-caade8c6efe4/ACCOUNTS/INSERT/20230622_040553_215_BGO5QS_26/stream_20230622_040553_2150.gz,ACCOUNTS_20230622_040553_215_26,2023-06-22 02:06:04.770 -0700,PARTIALLY_LOADED,862,1000,User character length limit (10) exceeded by string 'Interior Designer',8,587,""ACCOUNTS_20230622_040553_215_26""[""PRIMARYSEGMENT"":70],138,1000
DBO,userszzdc36bfae-94fd-477e-8c36-caade8c6efe4/ACCOUNTS/INSERT/20230622_040540_042_PWQY2F_25/stream_20230622_040540_0420.gz,ACCOUNTS_20230622_040540_042_25,2023-06-22 02:05:50.992 -0700,PARTIALLY_LOADED,772,1000,User character length limit (15) exceeded by string '10-263524921F-001',2,455,""ACCOUNTS_20230622_040540_042_25""[""TAXEXEMPTID"":44],228,1000
DBO,userszzdc36bfae-94fd-477e-8c36-caade8c6efe4/ACCOUNTS/INSERT/20230622_040526_798_SZZ2MH_24/stream_20230622_040526_7980.gz,ACCOUNTS_20230622_040526_798_24,2023-06-22 02:05:37.749 -0700,PARTIALLY_LOADED,775,1000,User character length limit (15) exceeded by string '455717682 / 106775664',11,403,""ACCOUNTS_20230622_040526_798_24""[""TAXEXEMPTID"":44],225,1000
DBO,userszzdc36bfae-94fd-477e-8c36-caade8c6efe4/ACCOUNTS/INSERT/20230622_040512_820_M4JKY9_23/stream_20230622_040512_8200.gz,ACCOUNTS_20230622_040512_820_23,2023-06-22 02:05:24.490 -0700,PARTIALLY_LOADED,593,1000,User character length limit (10) exceeded by string 'Interior Designer',1,548,""ACCOUNTS_20230622_040512_820_23""[""PRIMARYSEGMENT"":70],407,1000
DBO,userszzdc36bfae-94fd-477e-8c36-caade8c6efe4/ACCOUNTS/INSERT/20230622_040459_260_HE27YW_22/stream_20230622_040459_2600.gz,ACCOUNTS_20230622_040459_260_22,2023-06-22 02:05:10.679 -0700,PARTIALLY_LOADED,441,1000,User character length limit (10) exceeded by string 'Furniture Store',25,610,""ACCOUNTS_20230622_040459_260_22""[""PRIMARYSEGMENT"":70],559,1000
DBO,userszzdc36bfae-94fd-477e-8c36-caade8c6efe4/ACCOUNTS/INSERT/20230622_040447_438_8SN7R8_21/stream_20230622_040447_4380.gz,ACCOUNTS_20230622_040447_438_21,2023-06-22 02:04:57.086 -0700,PARTIALLY_LOADED,802,1000,User character length limit (10) exceeded by string 'Interior Designer',1,598,""ACCOUNTS_20230622_040447_438_21""[""PRIMARYSEGMENT"":70],198,1000
DBO,userszzdc36bfae-94fd-477e-8c36-caade8c6efe4/ACCOUNTS/INSERT/20230622_040434_972_K5FDXH_20/stream_20230622_040434_9720.gz,ACCOUNTS_20230622_040434_972_20,2023-06-22 02:04:45.226 -0700,PARTIALLY_LOADED,737,1000,User character length limit (10) exceeded by string 'Design Firm',19,575,""ACCOUNTS_20230622_040434_972_20""[""PRIMARYSEGMENT"":70],263,1000
DBO,userszzdc36bfae-94fd-477e-8c36-caade8c6efe4/ACCOUNTS/INSERT/20230622_040422_007_9TOX0J_19/stream_20230622_040422_0070.gz,ACCOUNTS_20230622_040422_007_19,2023-06-22 02:04:32.703 -0700,PARTIALLY_LOADED,597,1000,User character length limit (10) exceeded by string 'Garden Center',2,553,""ACCOUNTS_20230622_040422_007_19""[""PRIMARYSEGMENT"":70],403,1000
DBO,userszzdc36bfae-94fd-477e-8c36-caade8c6efe4/ACCOUNTS/INSERT/20230622_040408_843_OY56AE_18/stream_20230622_040408_8430.gz,ACCOUNTS_20230622_040408_843_18,2023-06-22 02:04:19.739 -0700,PARTIALLY_LOADED,785,1000,User character length limit (10) exceeded by string 'Furniture Store',9,618,""ACCOUNTS_20230622_040408_843_18""[""PRIMARYSEGMENT"":70],215,1000
DBO,userszzdc36bfae-94fd-477e-8c36-caade8c6efe4/ACCOUNTS/INSERT/20230622_040355_067_8Y7YUH_17/stream_20230622_040355_0670.gz,ACCOUNTS_20230622_040355_067_17,2023-06-22 02:04:05.265 -0700,PARTIALLY_LOADED,949,1000,User character length limit (5) exceeded by string 'BuyerSpecifier',434,607,""ACCOUNTS_20230622_040355_067_17""[""ACCOUNTTYPE"":79],51,1000
DBO,userszzdc36bfae-94fd-477e-8c36-caade8c6efe4/ACCOUNTS/INSERT/20230622_040341_857_WLKGTB_16/stream_20230622_040341_8570.gz,ACCOUNTS_20230622_040341_857_16,2023-06-22 02:03:52.854 -0700,PARTIALLY_LOADED,681,1000,User character length limit (5) exceeded by string 'Syspro',1,548,""ACCOUNTS_20230622_040341_857_16""[""ACCOUNTTYPE"":79],319,1000
DBO,userszzdc36bfae-94fd-477e-8c36-caade8c6efe4/ACCOUNTS/INSERT/20230622_040330_182_WRGLBS_15/stream_20230622_040330_1820.gz,ACCOUNTS_20230622_040330_182_15,2023-06-22 02:03:39.828 -0700,PARTIALLY_LOADED,761,1000,User character length limit (10) exceeded by string 'Design Firm',4,621,""ACCOUNTS_20230622_040330_182_15""[""PRIMARYSEGMENT"":70],239,1000
DBO,userszzdc36bfae-94fd-477e-8c36-caade8c6efe4/ACCOUNTS/INSERT/20230622_040316_965_DQHT31_14/stream_20230622_040316_9650.gz,ACCOUNTS_20230622_040316_965_14,2023-06-22 02:03:28.404 -0700,PARTIALLY_LOADED,750,1000,User character length limit (15) exceeded by string '600813597/45-1605296',6,482,""ACCOUNTS_20230622_040316_965_14""[""TAXEXEMPTID"":44],250,1000
DBO,userszzdc36bfae-94fd-477e-8c36-caade8c6efe4/ACCOUNTS/INSERT/20230622_040303_640_4HIVXU_13/stream_20230622_040303_6400.gz,ACCOUNTS_20230622_040303_640_13,2023-06-22 02:03:14.524 -0700,PARTIALLY_LOADED,860,1000,User character length limit (5) exceeded by string 'Syspro',10,534,""ACCOUNTS_20230622_040303_640_13""[""ACCOUNTTYPE"":79],140,1000
DBO,userszzdc36bfae-94fd-477e-8c36-caade8c6efe4/ACCOUNTS/INSERT/20230622_040252_591_IR4RSL_12/stream_20230622_040252_5910.gz,ACCOUNTS_20230622_040252_591_12,2023-06-22 02:03:01.551 -0700,PARTIALLY_LOADED,888,1000,User character length limit (10) exceeded by string 'Interior Designer',9,577,""ACCOUNTS_20230622_040252_591_12""[""PRIMARYSEGMENT"":70],112,1000
DBO,userszzdc36bfae-94fd-477e-8c36-caade8c6efe4/ACCOUNTS/INSERT/20230622_040240_855_B7PVUQ_11/stream_20230622_040240_8550.gz,ACCOUNTS_20230622_040240_855_11,2023-06-22 02:02:50.247 -0700,PARTIALLY_LOADED,683,1000,User character length limit (10) exceeded by string 'Independent Decorator',1,577,""ACCOUNTS_20230622_040240_855_11""[""PRIMARYSEGMENT"":70],317,1000
DBO,userszzdc36bfae-94fd-477e-8c36-caade8c6efe4/ACCOUNTS/INSERT/20230622_040228_239_EDVJ2C_10/stream_20230622_040228_2390.gz,ACCOUNTS_20230622_040228_239_10,2023-06-22 02:02:37.853 -0700,PARTIALLY_LOADED,792,1000,User character length limit (10) exceeded by string 'Design Firm',15,617,""ACCOUNTS_20230622_040228_239_10""[""PRIMARYSEGMENT"":70],208,1000
DBO,userszzdc36bfae-94fd-477e-8c36-caade8c6efe4/ACCOUNTS/INSERT/20230622_040215_574_YRD8GR_9/stream_20230622_040215_5740.gz,ACCOUNTS_20230622_040215_574_9,2023-06-22 02:02:25.426 -0700,PARTIALLY_LOADED,700,1000,User character length limit (5) exceeded by string 'Syspro',256,582,""ACCOUNTS_20230622_040215_574_9""[""ACCOUNTTYPE"":79],300,1000
DBO,userszzdc36bfae-94fd-477e-8c36-caade8c6efe4/ACCOUNTS/INSERT/20230622_040202_895_AEO9R6_8/stream_20230622_040202_8950.gz,ACCOUNTS_20230622_040202_895_8,2023-06-22 02:02:13.233 -0700,PARTIALLY_LOADED,920,1000,"User character length limit (100) exceeded by string '[{""name"":""club woven"",""id"":""7fb6d25e-5a6a-11eb-9f62-02c180ed988e""},{""name"":""Rustic"",""id"":""a0cac822-d1'",11,0,""ACCOUNTS_20230622_040202_895_8""[""TAGS"":167],80,1000
DBO,userszzdc36bfae-94fd-477e-8c36-caade8c6efe4/ACCOUNTS/INSERT/20230622_040150_910_86YHQS_7/stream_20230622_040150_9100.gz,ACCOUNTS_20230622_040150_910_7,2023-06-22 02:02:00.505 -0700,PARTIALLY_LOADED,935,1000,User character length limit (10) exceeded by string 'Furniture Store',3,627,""ACCOUNTS_20230622_040150_910_7""[""PRIMARYSEGMENT"":70],65,1000
DBO,userszzdc36bfae-94fd-477e-8c36-caade8c6efe4/ACCOUNTS/INSERT/20230622_040136_575_YUM7ND_6/stream_20230622_040136_5750.gz,ACCOUNTS_20230622_040136_575_6,2023-06-22 02:01:48.182 -0700,PARTIALLY_LOADED,760,1000,User character length limit (10) exceeded by string 'Patio Store',1,568,""ACCOUNTS_20230622_040136_575_6""[""PRIMARYSEGMENT"":70],240,1000
DBO,userszzdc36bfae-94fd-477e-8c36-caade8c6efe4/ACCOUNTS/INSERT/20230622_040123_367_N003EE_5/stream_20230622_040123_3670.gz,ACCOUNTS_20230622_040123_367_5,2023-06-22 02:01:34.471 -0700,PARTIALLY_LOADED,709,1000,User character length limit (5) exceeded by string 'Syspro',2,648,""ACCOUNTS_20230622_040123_367_5""[""ACCOUNTTYPE"":79],291,1000
DBO,userszzdc36bfae-94fd-477e-8c36-caade8c6efe4/ACCOUNTS/INSERT/20230622_040107_494_CRQV61_4/stream_20230622_040107_4940.gz,ACCOUNTS_20230622_040107_494_4,2023-06-22 02:01:21.445 -0700,PARTIALLY_LOADED,656,1000,User character length limit (10) exceeded by string 'Stocking Dealer',1,891,""ACCOUNTS_20230622_040107_494_4""[""PRICEGROUP"":145],344,1000
DBO,userszzdc36bfae-94fd-477e-8c36-caade8c6efe4/ACCOUNTS/INSERT/20230622_040043_962_58KKRF_3/stream_20230622_040043_9620.gz,ACCOUNTS_20230622_040043_962_3,2023-06-22 02:01:04.776 -0700,PARTIALLY_LOADED,613,1000,User character length limit (10) exceeded by string 'Furniture Store',1,562,""ACCOUNTS_20230622_040043_962_3""[""PRIMARYSEGMENT"":70],387,1000
DBO,userszzdc36bfae-94fd-477e-8c36-caade8c6efe4/ACCOUNTS/INSERT/20230622_040028_216_WTD7OC_2/stream_20230622_040028_2160.gz,ACCOUNTS_20230622_040028_216_2,2023-06-22 02:00:40.724 -0700,PARTIALLY_LOADED,494,1000,User character length limit (10) exceeded by string 'Design Firm',1,572,""ACCOUNTS_20230622_040028_216_2""[""PRIMARYSEGMENT"":70],506,1000
DBO,userszzdc36bfae-94fd-477e-8c36-caade8c6efe4/ACCOUNTS/INSERT/20230622_040009_980_IHG6PB_1/stream_20230622_040009_9800.gz,ACCOUNTS_20230622_040009_980_1,2023-06-22 02:00:24.749 -0700,PARTIALLY_LOADED,540,1000,User character length limit (5) exceeded by string 'PurchasingFirmSpecifier',3,452,""ACCOUNTS_20230622_040009_980_1""[""ACCOUNTTYPE"":79],460,1000